name,year,poster,trailer,description,directors,genres,contentRating,cast
The Shawshank Redemption,1994,https://image.tmdb.org/t/p/original/q6y0Go1tsGEsmtFryDOJo3dEmqu.jpg,https://youtube.com/watch?v=PLl99DlL6b4,"Framed in the 1940s for the double murder of his wife and her lover, upstanding banker Andy Dufresne begins a new life at the Shawshank prison, where he puts his accounting skills to work for an amoral warden. During his long stretch in prison, Dufresne comes to be admired by the other inmates -- including an older prisoner named Red -- for his integrity and unquenchable sense of hope.",Frank Darabont,Drama,R,"Tim Robbins,Morgan Freeman,Bob Gunton,William Sadler,Clancy Brown,Gil Bellows,Mark Rolston,James Whitmore,Jeffrey DeMunn,Larry Brandenburg,Neil Giuntoli,Brian Libby,David Proval,Joseph Ragno,Jude Ciccolella,Paul McCrane,Renee Blaine,Scott Mann"
The Dark Knight,2008,https://image.tmdb.org/t/p/original/qJ2tW6WMUDux911r6m7haRef0WH.jpg,https://youtube.com/watch?v=kmJLuwP3MbY,"Batman raises the stakes in his war on crime. With the help of Lt. Jim Gordon and District Attorney Harvey Dent, Batman sets out to dismantle the remaining criminal organizations that plague the streets. The partnership proves to be effective, but they soon find themselves prey to a reign of chaos unleashed by a rising criminal mastermind known to the terrified citizens of Gotham as the Joker.",Christopher Nolan,"Action,Crime,Drama,Thriller",PG-13,"Christian Bale,Heath Ledger,Aaron Eckhart,Michael Caine,Maggie Gyllenhaal,Gary Oldman,Morgan Freeman,Monique Gabriela Curnen,Ron Dean,Cillian Murphy,Chin Han,Nestor Carbonell,Eric Roberts,Ritchie Coster,Anthony Michael Hall,Keith Szarabajka,Colin McFarlane,Joshua Harto"
Inception,2010,https://image.tmdb.org/t/p/original/edv5CZvWj09upOsy2Y6IwDhK8bt.jpg,http://youtube.com/watch?v=Jvurpf91omw,"Cobb, a skilled thief who commits corporate espionage by infiltrating the subconscious of his targets is offered a chance to regain his old life as payment for a task considered to be impossible: ""inception"", the implantation of another person's idea into a target's subconscious.",Christopher Nolan,"Action,Adventure,Sci-Fi,Thriller",PG-13,"Leonardo DiCaprio,Joseph Gordon-Levitt,Elliot Page,Ken Watanabe,Tom Hardy,Dileep Rao,Cillian Murphy,Tom Berenger,Marion Cotillard,Pete Postlethwaite,Michael Caine,Lukas Haas,Tai-Li Lee,Claire Geare,Magnus Nolan,Taylor Geare,Johnathan Geare,Tohoru Masamune"
Fight Club,1999,https://image.tmdb.org/t/p/original/pB8BM7pdSp6B6Ih7QZ4DrQ3PmJK.jpg,http://youtube.com/watch?v=BdJKm16Co6M,"A ticking-time-bomb insomniac and a slippery soap salesman channel primal male aggression into a shocking new form of therapy. Their concept catches on, with underground ""fight clubs"" forming in every town, until an eccentric gets in the way and ignites an out-of-control spiral toward oblivion.",David Fincher,Drama,R,"Brad Pitt,Edward Norton,Meat Loaf,Zach Grenier,Richmond Arquette,David Andrews,George Maguire,Eugenie Bondurant,Christina Cabot,Helena Bonham Carter,Sydney 'Big Dawg' Colston,Rachel Singer,Christie Cronenweth,Tim DeZarn,Ezra Buzzington,Dierdre Downing-Jackson,Bob Stephenson,Charlie Dell"
Forrest Gump,1994,https://image.tmdb.org/t/p/original/saHP97rTPS5eLmrLQEcANmKrsFl.jpg,http://youtube.com/watch?v=bLvqoHBptjg,"A man with a low IQ has accomplished great things in his life and been present during significant historic eventsï¿½in each case, far exceeding what anyone imagined he could do. But despite all he has achieved, his one true love eludes him.",Robert Zemeckis,"Drama,Romance",PG-13,"Tom Hanks,Robin Wright,Gary Sinise,Sally Field,Rebecca Williams,Michael Conner Humphreys,Harold G. Herthum,George Kelly,Bob Penny,John Randall,Sam Anderson,Margo Moorer,Ione M. Telech,Christine Seabrook,John Worsham,Peter Dobson,Siobhan Fallon Hogan,Alexander Zemeckis"
Game of Thrones,2011,https://image.tmdb.org/t/p/original/u3bZgnGQ9T01sWNhyveQz0wH0Hl.jpg,https://youtube.com/watch?v=bjqEWgDVPe0,"Seven noble families fight for control of the mythical land of Westeros. Friction between the houses leads to full-scale war. All while a very ancient evil awakens in the farthest north. Amidst the war, a neglected military order of misfits, the Night's Watch, is all that stands between the realms of men and icy horrors beyond.",,"Action,Adventure,Drama,Fantasy",TV-MA,"Emilia Clarke,Peter Dinklage,Kit Harington,Lena Headey,Sophie Turner,Maisie Williams,Nikolaj Coster-Waldau,Iain Glen,John Bradley,Alfie Allen,Conleth Hill,Liam Cunningham,Gwendoline Christie,Aidan Gillen,Isaac Hempstead Wright,Rory McCann,Nathalie Emmanuel,Jerome Flynn"
Pulp Fiction,1994,https://image.tmdb.org/t/p/original/fIE3lAGcZDV1G6XM5KmuWnNsPp1.jpg,https://youtube.com/watch?v=tGpTpVyI_OQ,"A burger-loving hit man, his philosophical partner, a drug-addled gangster's moll and a washed-up boxer converge in this sprawling, comedic crime caper. Their adventures unfurl in three stories that ingeniously trip back and forth in time.",Quentin Tarantino,"Crime,Drama",R,"John Travolta,Uma Thurman,Samuel L. Jackson,Bruce Willis,Tim Roth,Amanda Plummer,Laura Lovelace,Phil LaMarr,Frank Whaley,Burr Steers,Ving Rhames,Paul Calderon,Bronagh Gallagher,Rosanna Arquette,Eric Stoltz,Jerome Patrick Hoban,Michael Gilden,Gary Shorelle"
The Matrix,1999,https://image.tmdb.org/t/p/original/f89U3ADr1oiB1s9GkdPOEpXUk5H.jpg,http://youtube.com/watch?v=m8e-FF8MsqU,"Set in the 22nd century, The Matrix tells the story of a computer hacker who joins a group of underground insurgents fighting the vast and powerful computers who now rule the earth.","Lana Wachowski,Lilly Wachowski","Action,Sci-Fi",R,"Keanu Reeves,Laurence Fishburne,Carrie-Anne Moss,Hugo Weaving,Gloria Foster,Joe Pantoliano,Marcus Chong,Julian Arahanga,Matt Doran,Belinda McClory,Anthony Ray Parker,Paul Goddard,Robert Taylor,David Aston,Marc Aden Gray,Ada Nicodemou,Deni Gordon,Rowan Witt"
The Lord of the Rings: The Fellowship of the Ring,2001,https://image.tmdb.org/t/p/original/6oom5QYQ2yQTMJIbnvbkBL9cHo6.jpg,https://youtube.com/watch?v=_nZdmwHrcnw,"Young hobbit Frodo Baggins, after inheriting a mysterious ring from his uncle Bilbo, must leave his home in order to keep it from falling into the hands of its evil creator. Along the way, a fellowship is formed to protect the ringbearer and make sure that the ring arrives at its final destination: Mt. Doom, the only place where it can be destroyed.",Peter Jackson,"Action,Adventure,Drama,Fantasy",PG-13,"Elijah Wood,Ian McKellen,Orlando Bloom,Sean Bean,Alan Howard,Noel Appleby,Sean Astin,Sala Baker,Cate Blanchett,Billy Boyd,Marton Csokas,Megan Edwards,Michael Elsworth,Mark Ferguson,Ian Holm,Christopher Lee,Lawrence Makoare,Andy Serkis"
The Godfather,1972,https://image.tmdb.org/t/p/original/3bhkrj58Vtu7enYsRolD1fZdja1.jpg,https://youtube.com/watch?v=Ew9ngL1GZvs,"Spanning the years 1945 to 1955, a chronicle of the fictional Italian-American Corleone crime family. When organized crime family patriarch, Vito Corleone barely survives an attempt on his life, his youngest son, Michael steps in to take care of the would-be killers, launching a campaign of bloody revenge.",Francis Ford Coppola,"Crime,Drama",R,"Marlon Brando,Al Pacino,James Caan,Diane Keaton,Richard S. Castellano,Robert Duvall,Sterling Hayden,John Marley,Richard Conte,Al Lettieri,Abe Vigoda,Talia Shire,Gianni Russo,John Cazale,Rudy Bond,Al Martino,Morgana King,Lenny Montana"
The Lord of the Rings: The Return of the King,2003,https://image.tmdb.org/t/p/original/rCzpDGLbOoPwLjy3OAm5NUPOTrC.jpg,http://youtube.com/watch?v=o9-NreR2Ji0,"Aragorn is revealed as the heir to the ancient kings as he, Gandalf and the other members of the broken fellowship struggle to save Gondor from Sauron's forces. Meanwhile, Frodo and Sam take the ring closer to the heart of Mordor, the dark lord's realm.",Peter Jackson,"Action,Adventure,Drama,Fantasy",PG-13,"Elijah Wood,Viggo Mortensen,Ian McKellen,Orlando Bloom,Noel Appleby,Ali Astin,Sean Astin,David Aston,John Bach,Sean Bean,Cate Blanchett,Billy Boyd,Sadwyn Brophy,Alistair Browning,Marton Csokas,Richard Edge,Jason Fitch,Bernard Hill"
Breaking Bad,2008,https://image.tmdb.org/t/p/original/ggFHVNu6YYI5L9pCfOacjizRGt.jpg,https://youtube.com/watch?v=HhesaQXLuRY,"When Walter White, a New Mexico chemistry teacher, is diagnosed with Stage III cancer and given a prognosis of only two years left to live. He becomes filled with a sense of fearlessness and an unrelenting desire to secure his family's financial future at any cost as he enters the dangerous world of drugs and crime.",,,TV-MA,"Bryan Cranston,Aaron Paul,Anna Gunn,Betsy Brandt,RJ Mitte,Dean Norris,Bob Odenkirk,Steven Michael Quezada,Jonathan Banks,Giancarlo Esposito,Charles Baker,Jesse Plemons,Christopher Cousins,Laura Fraser,Matt Jones,Michael Shamus Wiles,Lavell Crawford,Ray Campbell"
Interstellar,2014,https://image.tmdb.org/t/p/original/gEU2QniE6E77NI6lCU6MxlNBvIx.jpg,https://youtube.com/watch?v=0vxOhd4qlnA,The adventures of a group of explorers who make use of a newly discovered wormhole to surpass the limitations on human space travel and conquer the vast distances involved in an interstellar voyage.,Christopher Nolan,"Adventure,Drama,Sci-Fi",PG-13,"Matthew McConaughey,Anne Hathaway,Jessica Chastain,Mackenzie Foy,Ellen Burstyn,John Lithgow,Timothï¿½e Chalamet,David Oyelowo,Collette Wolfe,Francis X. McCarthy,Bill Irwin,Andrew Borba,Wes Bentley,William Devane,Michael Caine,David Gyasi,Josh Stewart,Casey Affleck"
The Dark Knight Rises,2012,https://image.tmdb.org/t/p/original/hr0L2aueqlP2BYUblTTjmtn0hw4.jpg,https://youtube.com/watch?v=GAjBzu8ggi0,"Following the death of District Attorney Harvey Dent, Batman assumes responsibility for Dent's crimes to protect the late attorney's reputation and is subsequently hunted by the Gotham City Police Department. Eight years later, Batman encounters the mysterious Selina Kyle and the villainous Bane, a new terrorist leader who overwhelms Gotham's finest. The Dark Knight resurfaces to protect a city that has branded him an enemy.",Christopher Nolan,"Action,Crime,Drama",PG-13,"Christian Bale,Tom Hardy,Anne Hathaway,Gary Oldman,Joseph Gordon-Levitt,Marion Cotillard,Morgan Freeman,Michael Caine,Matthew Modine,Alon Aboutboul,Ben Mendelsohn,Burn Gorman,Daniel Sunjata,Aidan Gillen,Sam Kennard,Aliash Tepina,Nestor Carbonell,Brett Cullen"
The Lord of the Rings: The Two Towers,2002,https://image.tmdb.org/t/p/original/5VTN0pR8gcqV3EPUHHfMGnJYN9L.jpg,https://youtube.com/watch?v=nuTU5XcZTLA,"Frodo and Sam are trekking to Mordor to destroy the One Ring of Power while Gimli, Legolas and Aragorn search for the orc-captured Merry and Pippin. All along, nefarious wizard Saruman awaits the Fellowship members at the Orthanc Tower in Isengard.",Peter Jackson,"Action,Adventure,Drama,Fantasy",PG-13,"Elijah Wood,Ian McKellen,Viggo Mortensen,Orlando Bloom,Bruce Allpress,Sean Astin,John Bach,Sala Baker,Cate Blanchett,Billy Boyd,Jed Brophy,Sam Comery,Brad Dourif,Calum Gittins,Bernard Hill,Bruce Hopkins,Paris Howe Strewe,Christopher Lee"
Se7en,1995,https://image.tmdb.org/t/p/original/69Sns8WoET6CfaYlIkHbla4l7nC.jpg,https://youtube.com/watch?v=SpKbZ_3zlb0,"Two homicide detectives are on a desperate hunt for a serial killer whose crimes are based on the ""seven deadly sins"" in this dark and haunting film that takes viewers from the tortured remains of one victim to the next. The seasoned Det. Sommerset researches each sin in an effort to get inside the killer's mind, while his novice partner, Mills, scoffs at his efforts to unravel the case.",David Fincher,"Crime,Drama,Mystery,Thriller",R,"Morgan Freeman,Brad Pitt,Kevin Spacey,Andrew Kevin Walker,Daniel Zacapa,Gwyneth Paltrow,John Cassini,Bob Mack,Peter Crombie,Reg E. Cathey,R. Lee Ermey,George Christy,Endre Hules,Hawthorne James,William Davidson,Bob Collins,Jimmy Dale Hartsell,Richard Roundtree"
Django Unchained,2012,https://image.tmdb.org/t/p/original/7oWY8VDWW7thTzWh3OKYRkWUlD5.jpg,http://youtube.com/watch?v=_iH0UBYDI4g,"With the help of a German bounty hunter, a freed slave sets out to rescue his wife from a brutal Mississippi plantation owner.",Quentin Tarantino,"Drama,Western",R,"Jamie Foxx,Christoph Waltz,Leonardo DiCaprio,Kerry Washington,Samuel L. Jackson,Walton Goggins,Dennis Christopher,James Remar,David Steen,Dana Gourrier,Nichole Galicia,Laura Cayouette,Ato Essandoh,Sammi Rotibi,Clay Donahue Fontenot,Escalante Lundy,Miriam F. Glover,Don Johnson"
Gladiator,2000,https://image.tmdb.org/t/p/original/ty8TGRuvJLPUmAR1H1nRIsgwvim.jpg,http://youtube.com/watch?v=P5ieIbInFpg,"In the year 180, the death of emperor Marcus Aurelius throws the Roman Empire into chaos.  Maximus is one of the Roman army's most capable and trusted generals and a key advisor to the emperor.  As Marcus' devious son Commodus ascends to the throne, Maximus is set to be executed.  He escapes, but is captured by slave traders.  Renamed Spaniard and forced to become a gladiator, Maximus must battle to the death with other men for the amusement of paying audiences.",Ridley Scott,"Action,Adventure,Drama",R,"Russell Crowe,Joaquin Phoenix,Connie Nielsen,Oliver Reed,Richard Harris,Derek Jacobi,Djimon Hounsou,David Schofield,John Shrapnel,Tomas Arana,Ralf Moeller,Spencer Treat Clark,David Hemmings,Tommy Flanagan,Sven-Ole Thorsen,Omid Djalili,Nicholas McGaughey,Chris Kell"
Batman Begins,2005,https://image.tmdb.org/t/p/original/8RW2runSEc34IwKN2D1aPcJd2UL.jpg,https://youtube.com/watch?v=FiL1_5DWV7Y,"Driven by tragedy, billionaire Bruce Wayne dedicates his life to uncovering and defeating the corruption that plagues his home, Gotham City.  Unable to work within the system, he instead creates a new identity, a symbol of fear for the criminal underworld - The Batman.",Christopher Nolan,"Action,Crime,Drama",PG-13,"Christian Bale,Michael Caine,Ken Watanabe,Liam Neeson,Katie Holmes,Gary Oldman,Cillian Murphy,Tom Wilkinson,Rutger Hauer,Mark Boone Junior,Linus Roache,Morgan Freeman,Larry Holden,Gerard Murphy,Colin McFarlane,Sara Stewart,Gus Lewis,Richard Brake"
Inglourious Basterds,2009,https://image.tmdb.org/t/p/original/7sfbEnaARXDDhKm0CZ7D7uc2sbo.jpg,https://youtube.com/watch?v=sE8hc4gVyGo,"In Nazi-occupied France during World War II, a group of Jewish-American soldiers known as ""The Basterds"" are chosen specifically to spread fear throughout the Third Reich by scalping and brutally killing Nazis. The Basterds, lead by Lt. Aldo Raine soon cross paths with a French-Jewish teenage girl who runs a movie theater in Paris which is targeted by the soldiers.",Quentin Tarantino,"Adventure,Drama,War",R,"Brad Pitt,Diane Kruger,Eli Roth,Mï¿½lanie Laurent,Christoph Waltz,Michael Fassbender,Daniel Brï¿½hl,Til Schweiger,Gedeon Burkhard,Jacky Ido,B.J. Novak,Omar Doom,August Diehl,Denis Mï¿½nochet,Sylvester Groth,Martin Wuttke,Mike Myers,Julie Dreyfus"
The Silence of the Lambs,1991,https://image.tmdb.org/t/p/original/rplLJ2hPcOQmkFhTqUte0MkEaO2.jpg,https://youtube.com/watch?v=W6Mm8Sbe__o,"Clarice Starling is a top student at the FBI's training academy. Jack Crawford wants Clarice to interview Dr. Hannibal Lecter, a brilliant psychiatrist who is also a violent psychopath, serving life behind bars for various acts of murder and cannibalism. Crawford believes that Lecter may have insight into a case and that Starling, as an attractive young woman, may be just the bait to draw him out.",Jonathan Demme,"Crime,Drama,Thriller",R,"Jodie Foster,Anthony Hopkins,Lawrence A. Bonney,Kasi Lemmons,Lawrence T. Wrentz,Scott Glenn,Anthony Heald,Frankie Faison,Don Brockett,Frank Seals Jr.,Stuart Rudin,Maria Skorobogatov,Jeffrie Lane,Leib Lensky,George 'Red' Schwartz,Jim Roche,Brooke Smith,Ted Levine"
The Avengers,2012,https://image.tmdb.org/t/p/original/RYMX2wcKCBAr24UyPD7xwmjaTn.jpg,https://youtube.com/watch?v=hIR8Ar-Z4hw,"When an unexpected enemy emerges and threatens global safety and security, Nick Fury, director of the international peacekeeping agency known as S.H.I.E.L.D., finds himself in need of a team to pull the world back from the brink of disaster. Spanning the globe, a daring recruitment effort begins!",Joss Whedon,"Action,Adventure,Sci-Fi",PG-13,"Robert Downey Jr.,Chris Evans,Scarlett Johansson,Jeremy Renner,Mark Ruffalo,Chris Hemsworth,Tom Hiddleston,Clark Gregg,Cobie Smulders,Stellan Skarsgï¿½rd,Samuel L. Jackson,Gwyneth Paltrow,Paul Bettany,Alexis Denisof,Tina Benko,Jerzy Skolimowski,Kirill Nikiforov,Jeff Wolfe"
Saving Private Ryan,1998,https://image.tmdb.org/t/p/original/1wY4psJ5NVEhCuOYROwLH2XExM2.jpg,https://youtube.com/watch?v=RYExstiQlLc,"As U.S. troops storm the beaches of Normandy, three brothers lie dead on the battlefield, with a fourth trapped behind enemy lines. Ranger captain John Miller and seven men are tasked with penetrating German-held territory and bringing the boy home.",Steven Spielberg,"Drama,War",R,"Tom Hanks,Matt Damon,Tom Sizemore,Edward Burns,Barry Pepper,Adam Goldberg,Vin Diesel,Giovanni Ribisi,Jeremy Davies,Ted Danson,Paul Giamatti,Dennis Farina,Joerg Stadler,Max Martini,Dylan Bruno,Daniel Cerqueira,Demetri Goritsas,Ian Porter"
The Wolf of Wall Street,2013,https://image.tmdb.org/t/p/original/pWHf4khOloNVfCxscsXFj3jj6gP.jpg,https://youtube.com/watch?v=RtPzqTM9A1w,"A New York stockbroker refuses to cooperate in a large securities fraud case involving corruption on Wall Street, corporate banking world and mob infiltration. Based on Jordan Belfort's autobiography.",Martin Scorsese,"Biography,Comedy,Crime,Drama",R,"Leonardo DiCaprio,Jonah Hill,Margot Robbie,Matthew McConaughey,Kyle Chandler,Rob Reiner,Jon Bernthal,Jon Favreau,Jean Dujardin,Joanna Lumley,Cristin Milioti,Christine Ebersole,Shea Whigham,Katarina Cas,P.J. Byrne,Kenneth Choi,Brian Sacca,Henry Zebrowski"
Star Wars,1977,https://image.tmdb.org/t/p/original/6FfCtAuVAW8XJjZ7eWeLibRLWTw.jpg,https://youtube.com/watch?v=XHk5kCIiGoM,Princess Leia is captured and held hostage by the evil Imperial forces in their effort to take over the galactic Empire. Venturesome Luke Skywalker and dashing captain Han Solo team together with the loveable robot duo R2-D2 and C-3PO to rescue the beautiful princess and restore peace and justice in the Empire.,George Lucas,"Action,Adventure,Fantasy,Sci-Fi",PG,"Mark Hamill,Harrison Ford,Carrie Fisher,Alec Guinness,Peter Cushing,Anthony Daniels,Kenny Baker,Peter Mayhew,David Prowse,Phil Brown,Shelagh Fraser,Jack Purvis,Alex McCrindle,Eddie Byrne,Drewe Henley,Denis Lawson,Garrick Hagon,Jack Klaff"
Schindler's List,1993,https://image.tmdb.org/t/p/original/sF1U4EUQS8YHUYjNl3pMGNIQyr0.jpg,https://youtube.com/watch?v=bJcLRFWxRno,The true story of how businessman Oskar Schindler saved over a thousand Jewish lives from the Nazis while they worked as slaves in his factory during World War II.,Steven Spielberg,"Biography,Drama,History",R,"Liam Neeson,Ralph Fiennes,Ben Kingsley,Caroline Goodall,Jonathan Sagall,Embeth Davidtz,Malgorzata Gebel,Shmuel Levy,Mark Ivanir,Bï¿½atrice Macola,Andrzej Seweryn,Friedrich von Thun,Krzysztof Luft,Harry Nehring,Norbert Weisser,Adi Nitzan,Michael Schneider,Miri Fabian"
The Prestige,2006,https://image.tmdb.org/t/p/original/bdN3gXuIZYaJP7ftKK2sU0nPtEA.jpg,http://youtube.com/watch?v=ijXruSzfGEc,"A mysterious story of two magicians whose intense rivalry leads them on a life-long battle for supremacy -- full of obsession, deceit and jealousy with dangerous and deadly consequences.",Christopher Nolan,"Drama,Mystery,Thriller",PG-13,"Christian Bale,Hugh Jackman,Scarlett Johansson,Michael Caine,Piper Perabo,Rebecca Hall,Samantha Mahurin,David Bowie,Andy Serkis,Daniel Davis,Jim Piddock,Christopher Neame,Mark Ryan,Roger Rees,Jamie Harris,Monty Stuart,Ron Perkins,Ricky Jay"
The Departed,2006,https://image.tmdb.org/t/p/original/kWWAt2FMRbqLFFy8o5R4Zr8cMAb.jpg,http://youtube.com/watch?v=iojhqm0JTW4,"To take down South Boston's Irish Mafia, the police send in one of their own to infiltrate the underworld, not realizing the syndicate has done likewise. While an undercover cop curries favor with the mob kingpin, a career criminal rises through the police ranks. But both sides soon discover there's a mole among them.",Martin Scorsese,"Crime,Drama,Thriller",R,"Leonardo DiCaprio,Matt Damon,Jack Nicholson,Mark Wahlberg,Martin Sheen,Ray Winstone,Vera Farmiga,Anthony Anderson,Alec Baldwin,Kevin Corrigan,James Badge Dale,David O'Hara,Mark Rolston,Robert Wahlberg,Kristen Dalton,Thomas B. Duffy,Richard Hughes,J.C. MacKenzie"
Shutter Island,2010,https://image.tmdb.org/t/p/original/kve20tXwUZpu4GUX8l6X7Z4jmL6.jpg,http://youtube.com/watch?v=qdPw9x9h5CY,"World War II soldier-turned-U.S. Marshal Teddy Daniels investigates the disappearance of a patient from a hospital for the criminally insane, but his efforts are compromised by his troubling visions and also by a mysterious doctor.",Martin Scorsese,"Mystery,Thriller",R,"Leonardo DiCaprio,Emily Mortimer,Mark Ruffalo,Ben Kingsley,Max von Sydow,Michelle Williams,Patricia Clarkson,Jackie Earle Haley,Ted Levine,John Carroll Lynch,Elias Koteas,Robin Bartlett,Christopher Denham,Nellie Sciutto,Joseph Sikora,Curtiss Cook,Raymond Anthony Thomas,Joseph McKenna"
The Green Mile,1999,https://image.tmdb.org/t/p/original/velWPhVMQeQKcxggNEU8YmIo52R.jpg,https://youtube.com/watch?v=Bg7epsq0OIQ,"A supernatural tale set on death row in a Southern prison, where gentle giant John Coffey possesses the mysterious power to heal people's ailments. When the cell block's head guard, Paul Edgecomb, recognizes Coffey's miraculous gift, he tries desperately to help stave off the condemned man's execution.",Frank Darabont,"Crime,Drama,Fantasy,Mystery",R,"Tom Hanks,Michael Clarke Duncan,David Morse,Bonnie Hunt,James Cromwell,Michael Jeter,Graham Greene,Doug Hutchison,Sam Rockwell,Barry Pepper,Jeffrey DeMunn,Patricia Clarkson,Harry Dean Stanton,Dabbs Greer,Eve Brent,William Sadler,Mack Miles,Rai Tasco"
The Empire Strikes Back,1980,https://image.tmdb.org/t/p/original/2l05cFWJacyIsTpsqSgH0wQXe4V.jpg,https://youtube.com/watch?v=4_46P3Dzvvw,"The epic saga continues as Luke Skywalker, in hopes of defeating the evil Galactic Empire, learns the ways of the Jedi from aging master Yoda. But Darth Vader is more determined than ever to capture Luke. Meanwhile, rebel leader Princess Leia, cocky Han Solo, Chewbacca, and droids C-3PO and R2-D2 are thrown into various stages of capture, betrayal and despair.",Irvin Kershner,"Action,Adventure,Fantasy,Sci-Fi",PG,"Mark Hamill,Harrison Ford,Carrie Fisher,Billy Dee Williams,Anthony Daniels,David Prowse,Peter Mayhew,Kenny Baker,Frank Oz,Alec Guinness,Jeremy Bulloch,John Hollis,Jack Purvis,Des Webb,Clive Revill,Kenneth Colley,Julian Glover,Michael Sheard"
The Godfather: Part II,1974,https://image.tmdb.org/t/p/original/hek3koDUyRQk7FIhPXsa6mT2Zc3.jpg,https://youtube.com/watch?v=9O1Iy9od7-A,"In the continuing saga of the Corleone crime family, a young Vito Corleone grows up in Sicily and in 1910s New York. In the 1950s, Michael Corleone attempts to expand the family business into Las Vegas, Hollywood and Cuba.",Francis Ford Coppola,"Crime,Drama",R,"Al Pacino,Robert De Niro,Robert Duvall,Diane Keaton,John Cazale,Talia Shire,Lee Strasberg,Michael V. Gazzo,G.D. Spradlin,Richard Bright,Gastone Moschin,Tom Rosqui,Bruno Kirby,Frank Sivero,Francesca De Sapio,Morgana King,Marianna Hill,Leopoldo Trieste"
Memento,2000,https://image.tmdb.org/t/p/original/yuNs09hvpHVU1cBTCAk9zxsL2oW.jpg,http://youtube.com/watch?v=Rq9eM4ZXRgs,"Leonard Shelby is tracking down the man who raped and murdered his wife. The difficulty of locating his wife's killer, however, is compounded by the fact that he suffers from a rare, untreatable form of short-term memory loss. Although he can recall details of life before his accident, Leonard cannot remember what happened fifteen minutes ago, where he's going, or why.",Christopher Nolan,"Mystery,Thriller",R,"Guy Pearce,Carrie-Anne Moss,Joe Pantoliano,Mark Boone Junior,Russ Fega,Jorja Fox,Stephen Tobolowsky,Harriet Sansom Harris,Thomas Lennon,Callum Keith Rennie,Kimberly Campbell,Marianne Muellerleile,Larry Holden,Buzz Visconti"
Joker,2019,https://image.tmdb.org/t/p/original/udDclJoHjfjb8Ekgsd4FDteOkCU.jpg,https://youtube.com/watch?v=-RFFRxcoKfA,"During the 1980s, a failed stand-up comedian is driven insane and turns to a life of crime and chaos in Gotham City while becoming an infamous psychopathic crime figure.",Todd Phillips,"Crime,Drama,Thriller",R,"Joaquin Phoenix,Robert De Niro,Zazie Beetz,Frances Conroy,Brett Cullen,Shea Whigham,Bill Camp,Glenn Fleshler,Leigh Gill,Josh Pais,Rocco Luna,Marc Maron,Sondra James,Murphy Guyer,Douglas Hodge,Dante Pereira-Olson,Carrie Louise Putrello,Sharon Washington"
Avatar,2009,https://image.tmdb.org/t/p/original/jRXYjXNq0Cs2TcJjLkki24MLp7u.jpg,https://youtube.com/watch?v=5PSNL1qE6VY,"In the 22nd century, a paraplegic Marine is dispatched to the moon Pandora on a unique mission, but becomes torn between following orders and protecting an alien civilization.",James Cameron,"Action,Adventure,Fantasy,Sci-Fi",PG-13,"Sam Worthington,Zoe Saldana,Sigourney Weaver,Michelle Rodriguez,Stephen Lang,Giovanni Ribisi,Joel David Moore,CCH Pounder,Wes Studi,Laz Alonso,Dileep Rao,Matt Gerald,Sean Anthony Moran,Jason Whyte,Scott Lawrence,Kelly Kilgour,James Patrick Pitt,Sean Patrick Murphy"
Back to the Future,1985,https://image.tmdb.org/t/p/original/7lyBcpYB0Qt8gYhXYaEZUNlNQAv.jpg,https://youtube.com/watch?v=qvsgGtivCgs,"Eighties teenager Marty McFly is accidentally sent back in time to 1955, inadvertently disrupting his parents' first meeting and attracting his mother's romantic interest. Marty must repair the damage to history by rekindling his parents' romance and - with the help of his eccentric inventor friend Doc Brown - return to 1985.",Robert Zemeckis,"Adventure,Comedy,Sci-Fi",PG,"Michael J. Fox,Christopher Lloyd,Lea Thompson,Crispin Glover,Tom Wilson,Claudia Wells,Marc McClure,Wendie Jo Sperber,George DiCenzo,Frances Lee McCain,James Tolkan,J.J. Cohen,Casey Siemaszko,Billy Zane,Harry Waters Jr.,Donald Fullilove,Lisa Freeman,Cristen Kauffman"
Guardians of the Galaxy,2014,https://image.tmdb.org/t/p/original/r7vmZjiyZw9rpJMQJdXpjgiCOk9.jpg,https://youtube.com/watch?v=3CqymRQ1uUU,"Light years from Earth, 26 years after being abducted, Peter Quill finds himself the prime target of a manhunt after discovering an orb wanted by Ronan the Accuser.",James Gunn,"Action,Adventure,Comedy,Sci-Fi",PG-13,"Chris Pratt,Vin Diesel,Bradley Cooper,Zoe Saldana,Dave Bautista,Lee Pace,Michael Rooker,Karen Gillan,Djimon Hounsou,John C. Reilly,Glenn Close,Benicio Del Toro,Laura Haddock,Sean Gunn,Peter Serafinowicz,Christopher Fairbank,Krystian Godlewski,Wyatt Oleff"
Titanic,1997,https://image.tmdb.org/t/p/original/9xjZS2rlVxm8SFx8kPC3aIGCOYQ.jpg,http://youtube.com/watch?v=CHekzSiZjrY,"101-year-old Rose DeWitt Bukater tells the story of her life aboard the Titanic, 84 years later. A young Rose boards the ship with her mother and fiancï¿½. Meanwhile, Jack Dawson and Fabrizio De Rossi win third-class tickets aboard the ship. Rose tells the whole story from Titanic's departure through to its deathï¿½on its first and last voyageï¿½on April 15, 1912.",James Cameron,"Drama,Romance",PG-13,"Leonardo DiCaprio,Kate Winslet,Billy Zane,Kathy Bates,Frances Fisher,Gloria Stuart,Bill Paxton,Bernard Hill,David Warner,Victor Garber,Jonathan Hyde,Suzy Amis,Lewis Abernathy,Nicholas Cascone,Anatoly M. Sagalevitch,Danny Nucci,Jason Barry,Ewan Stewart"
American Beauty,1999,https://image.tmdb.org/t/p/original/wby9315QzVKdW9BonAefg8jGTTb.jpg,http://youtube.com/watch?v=3ycmmJ6rxA8,"Lester Burnham, a depressed suburban father in a mid-life crisis, decides to turn his hectic life around after developing an infatuation with his daughter's attractive friend.",Sam Mendes,Drama,R,"Kevin Spacey,Annette Bening,Thora Birch,Wes Bentley,Mena Suvari,Peter Gallagher,Allison Janney,Chris Cooper,Scott Bakula,Sam Robards,Barry Del Sherman,Ara Celi,John Cho,Fort Atkinson,Sue Casey,Kent Faulcon,Brenda Wehle,Lisa Cloud"
Lï¿½on: The Professional,1994,https://image.tmdb.org/t/p/original/yI6X2cCM5YPJtxMhUd3dPGqDAhw.jpg,http://youtube.com/watch?v=aNQqoExfQsg,"Lï¿½on, the top hit man in New York, has earned a rep as an effective ""cleaner"". But when his next-door neighbors are wiped out by a loose-cannon DEA agent, he becomes the unwilling custodian of 12-year-old Mathilda. Before long, Mathilda's thoughts turn to revenge, and she considers following in Lï¿½on's footsteps.",Luc Besson,"Action,Crime,Drama,Thriller",R,"Jean Reno,Gary Oldman,Natalie Portman,Danny Aiello,Peter Appel,Willi One Blood,Don Creech,Keith A. Glascoe,Randolph Scott,Michael Badalucco,Ellen Greene,Elizabeth Regen,Carl J. Matusovich,Frank Senger,Lucius Wyatt Cherokee,Eric Challier,Luc Bernard,Maï¿½wenn"
GoodFellas,1990,https://image.tmdb.org/t/p/original/aKuFiU82s5ISJpGZp7YkIr3kCUd.jpg,https://youtube.com/watch?v=Zll4cjyk6sU,"The true story of Henry Hill, a half-Irish, half-Sicilian Brooklyn kid who is adopted by neighbourhood gangsters at an early age and climbs the ranks of a Mafia family under the guidance of Jimmy Conway.",Martin Scorsese,"Biography,Crime,Drama",R,"Robert De Niro,Ray Liotta,Joe Pesci,Lorraine Bracco,Paul Sorvino,Frank Sivero,Tony Darrow,Mike Starr,Frank Vincent,Chuck Low,Frank DiLeo,Henny Youngman,Gina Mastrogiacomo,Catherine Scorsese,Charles Scorsese,Suzanne Shepherd,Debi Mazar,Margo Winkler"
V for Vendetta,2006,https://image.tmdb.org/t/p/original/2ySXWBckQboalTZjhaLWRqc3gCN.jpg,https://youtube.com/watch?v=V5VGq23aZ-g,"In a world in which Great Britain has become a fascist state, a masked vigilante known only as ï¿½Vï¿½ conducts guerrilla warfare against the oppressive British government. When V rescues a young woman from the secret police, he finds in her an ally with whom he can continue his fight to free the people of Britain.",James McTeigue,"Action,Drama,Sci-Fi,Thriller",R,"Hugo Weaving,Natalie Portman,Rupert Graves,Stephen Rea,Stephen Fry,John Hurt,Tim Pigott-Smith,Roger Allam,Ben Miles,Sinï¿½ad Cusack,Natasha Wightman,John Standing,Eddie Marsan,Clive Ashborn,Emma Field-Rayner,Ian Burfield,Mark Phoenix,Alister Mazzotti"
Pirates of the Caribbean: The Curse of the Black Pearl,2003,https://image.tmdb.org/t/p/original/z8onk7LV9Mmw6zKz4hT6pzzvmvl.jpg,https://youtube.com/watch?v=naQr0uTrH_s,"Jack Sparrow, a freewheeling 18th-century pirate, quarrels with a rival pirate bent on pillaging Port Royal. When the governor's daughter is kidnapped, Sparrow decides to help the girl's love save her.",Gore Verbinski,"Action,Adventure,Fantasy",PG-13,"Johnny Depp,Geoffrey Rush,Orlando Bloom,Keira Knightley,Jack Davenport,Jonathan Pryce,Lee Arenberg,Mackenzie Crook,Damian O'Hare,Giles New,Angus Barnett,David Bailie,Michael Berry Jr.,Isaac C. Singleton Jr.,Kevin McNally,Treva Etienne,Zoe Saldana,Guy Siner"
American History X,1998,https://image.tmdb.org/t/p/original/c2gsmSQ2Cqv8zosqKOCwRS0GFBS.jpg,https://youtube.com/watch?v=JsPW6Fj3BUI,"Derek Vineyard is paroled after serving 3 years in prison for killing two African-American men. Through his brother, Danny Vineyard's narration, we learn that before going to prison, Derek was a skinhead and the leader of a violent white supremacist gang that committed acts of racial crime throughout L.A. and his actions greatly influenced Danny. Reformed and fresh out of prison, Derek severs contact with the gang and becomes determined to keep Danny from going down the same violent path as he did.",Tony Kaye,Drama,R,"Edward Norton,Edward Furlong,Beverly D'Angelo,Jennifer Lien,Ethan Suplee,Fairuza Balk,Avery Brooks,Elliott Gould,Stacy Keach,William Russ,Guy Torry,Joe Cortese,Jason Bose Smith,Antonio David Lyons,Alex Sol,Keram Malicki-Sï¿½nchez,Giuseppe Andrews,Michelle Christine White"
WALLï¿½E,2008,https://image.tmdb.org/t/p/original/zSDCorl36ZjAaUzADHLo5b8UfBu.jpg,http://youtube.com/watch?v=8-_9n5DtKOc,"WALLï¿½E is the last robot left on an Earth that has been overrun with garbage and all humans have fled to outer space. For 700 years he has continued to try and clean up the mess, but has developed some rather interesting human-like qualities. When a ship arrives with a sleek new type of robot, WALLï¿½E thinks he's finally found a friend and stows away on the ship when it leaves.",Andrew Stanton,"Animation,Adventure,Family,Sci-Fi",G,"Ben Burtt,Elissa Knight,Jeff Garlin,Fred Willard,MacInTalk,John Ratzenberger,Kathy Najimy,Sigourney Weaver,Teddy Newton,Bob Bergen,John Cygan,Pete Docter,Paul Eiding,Donald Fullilove,Teresa Ganzel,Jess Harnell,Sherry Lynn,Mickie McGowan"
Kill Bill: Vol. 1,2003,https://image.tmdb.org/t/p/original/v7TaX8kXMXs5yFFGR41guUDNcnB.jpg,http://youtube.com/watch?v=c_dNIXwrbzY,"An assassin is shot by her ruthless employer, Bill, and other members of their assassination circle – but she lives to plot her vengeance.",Quentin Tarantino,"Action,Crime,Drama,Thriller",R,"Uma Thurman,David Carradine,Daryl Hannah,Michael Madsen,Lucy Liu,Vivica A. Fox,Julie Dreyfus,Chiaki Kuriyama,Shin'ichi Chiba,Chia-Hui Liu,Michael Parks,Michael Bowen,Jun Kunimura,Kenji Ohba,Yuki Kazamatsuri,James Parks,Sakichi Sato,Jonathan Loughran"
Terminator 2: Judgment Day,1991,https://image.tmdb.org/t/p/original/5M0j0B18abtBI5gi2RhfjjurTqb.jpg,https://youtube.com/watch?v=VVZQ39i5G1s,"Nearly 10 years have passed since Sarah Connor was targeted for termination by a cyborg from the future. Now her son, John, the future leader of the resistance, is the target for a newer, more deadly terminator. Once again, the resistance has managed to send a protector back to attempt to save John and his mother Sarah.",James Cameron,"Action,Sci-Fi",R,"Arnold Schwarzenegger,Linda Hamilton,Edward Furlong,Robert Patrick,Earl Boen,Joe Morton,S. Epatha Merkerson,Castulo Guerra,Danny Cooksey,Jenette Goldstein,Xander Berkeley,Leslie Hamilton Gearren,Ken Gibbel,Robert Winley,Peter Schrum,Shane Wilder,Michael Edwards,Jared Lounsbery"
Avengers: Endgame,2019,https://image.tmdb.org/t/p/original/or06FN3Dka5tukK1e9sl16pB3iy.jpg,https://youtube.com/watch?v=AMSITikqKiM,"After the devastating events of Avengers: Infinity War, the universe is in ruins due to the efforts of the Mad Titan, Thanos. With the help of remaining allies, the Avengers must assemble once more in order to undo Thanos' actions and restore order to the universe once and for all, no matter what consequences may be in store.","Anthony Russo,Joe Russo","Action,Adventure,Drama,Sci-Fi",PG-13,"Robert Downey Jr.,Chris Evans,Mark Ruffalo,Chris Hemsworth,Scarlett Johansson,Jeremy Renner,Don Cheadle,Paul Rudd,Benedict Cumberbatch,Chadwick Boseman,Brie Larson,Tom Holland,Karen Gillan,Zoe Saldana,Evangeline Lilly,Tessa Thompson,Rene Russo,Elizabeth Olsen"
Stranger Things,2016,https://image.tmdb.org/t/p/original/49WJfeN0moxb9IPfGn8AIqMGskD.jpg,https://youtube.com/watch?v=mnd7sFt5c3A,"When a young boy vanishes, a small town uncovers a mystery involving secret experiments, terrifying supernatural forces, and one strange little girl.",,"Drama,Fantasy,Horror,Mystery,Sci-Fi,Thriller",TV-14,"Millie Bobby Brown,Finn Wolfhard,Winona Ryder,David Harbour,Gaten Matarazzo,Caleb McLaughlin,Natalia Dyer,Charlie Heaton,Joe Keery,Cara Buono,Noah Schnapp,Sadie Sink,Priah Ferguson,Dacre Montgomery,Joe Chrest,Matthew Modine,Maya Hawke,Brett Gelman"
The Usual Suspects,1995,https://image.tmdb.org/t/p/original/bUPmtQzrRhzqYySeiMpv7GurAfm.jpg,https://youtube.com/watch?v=x3t0Nc6fg7w,"Held in an L.A. interrogation room, Verbal Kint attempts to convince the feds that a mythic crime lord, Keyser Soze, not only exists, but was also responsible for drawing him and his four partners into a multi-million dollar heist that ended with an explosion in San Pedro harbor – leaving few survivors. Verbal lures his interrogators with an incredible story of the crime lord's almost supernatural prowess.",Bryan Singer,"Crime,Drama,Mystery,Thriller",R,"Kevin Spacey,Gabriel Byrne,Chazz Palminteri,Stephen Baldwin,Benicio Del Toro,Kevin Pollak,Pete Postlethwaite,Suzy Amis,Giancarlo Esposito,Dan Hedaya,Paul Bartel,Carl Bressler,Phillipe Simon,Jack Shearer,Christine Estabrook,Clark Gregg,Morgan Hunter,Ken Daly"
The Truman Show,1998,https://image.tmdb.org/t/p/original/vuza0WqY239yBXOadKlGwJsZJFE.jpg,https://youtube.com/watch?v=loTIzXAS7v4,"Truman Burbank is the star of The Truman Show, a 24-hour-a-day reality TV show that broadcasts every aspect of his life without his knowledge. His entire life has been an unending soap opera for consumption by the rest of the world. And everyone he knows, including his wife and his best friend is really an actor, paid to be part of his life.",Peter Weir,"Comedy,Drama",PG,"Jim Carrey,Ed Harris,Laura Linney,Noah Emmerich,Natascha McElhone,Holland Taylor,Brian Delate,Blair Slater,Peter Krause,Heidi Schanz,Ron Taylor,Don Taylor,Ted Raymond,Judy Clayton,Fritz Dominique,Angel Schmiedt,Nastassja Schmiedt,Muriel Moore"
Iron Man,2008,https://image.tmdb.org/t/p/original/78lPtwv72eTNqFW9COBYI0dWDJa.jpg,https://youtube.com/watch?v=jK2VROKKTSQ,"After being held captive in an Afghan cave, billionaire engineer Tony Stark creates a unique weaponized suit of armor to fight evil.",Jon Favreau,"Action,Adventure,Sci-Fi",PG-13,"Robert Downey Jr.,Gwyneth Paltrow,Terrence Howard,Jeff Bridges,Leslie Bibb,Shaun Toub,Faran Tahir,Clark Gregg,Bill Smitrovich,Sayed Badreya,Paul Bettany,Jon Favreau,Peter Billingsley,Tim Guinee,Will Lyman,Tom Morello,Marco Khan,Dastan Khalili"
The Lion King,1994,https://image.tmdb.org/t/p/original/sKCr78MXSLixwmZ8DyJLrpMsd15.jpg,https://youtube.com/watch?v=lFzVJEksoDY,"A young lion prince is cast out of his pride by his cruel uncle, who claims he killed his father. While the uncle rules with an iron paw, the prince grows up beyond the Savannah, living by a philosophy: No worries for the rest of your days. But when his past comes to haunt him, the young prince must decide his fate: Will he remain an outcast or face his demons and become what he needs to be?","Roger Allers,Rob Minkoff","Animation,Adventure,Drama,Family,Musical",G,"Matthew Broderick,Jeremy Irons,James Earl Jones,Whoopi Goldberg,Rowan Atkinson,Niketa Calame-Harris,Jim Cummings,Robert Guillaume,Moira Kelly,Nathan Lane,Zoe Leader,Cheech Marin,Ernie Sabella,Madge Sinclair,Jonathan Taylor Thomas,Frank Welker,Cathy Cavadini,Judi M. Durand"
Return of the Jedi,1983,https://image.tmdb.org/t/p/original/wj6tDTbcH3TArZnrHTMYapZTAlQ.jpg,https://youtube.com/watch?v=1x4OmSgR714,"Luke Skywalker leads a mission to rescue his friend Han Solo from the clutches of Jabba the Hutt, while the Emperor seeks to destroy the Rebellion once and for all with a second dreaded Death Star.",Richard Marquand,"Action,Adventure,Fantasy,Sci-Fi",PG,"Mark Hamill,Harrison Ford,Carrie Fisher,Billy Dee Williams,Anthony Daniels,Peter Mayhew,Sebastian Shaw,Ian McDiarmid,Frank Oz,James Earl Jones,David Prowse,Alec Guinness,Kenny Baker,Michael Pennington,Kenneth Colley,Michael Carter,Denis Lawson,Tim Rose"
